gene,species,species_code,intron_n_before,intron_mean_before,intron_median_before,intron_std_before,intron_min_before,intron_max_before,intron_n_after,intron_mean_after,intron_median_after,intron_std_after,intron_min_after,intron_max_after,exon_n,exon_mean,exon_median,exon_std,change_in_intron_mean,change_in_intron_std,intron_minus_exon_before,intron_minus_exon_after
BRCA2,Homo sapiens,hs,22,0.9571567131268133,0.9622061915093676,0.011791624531539476,0.9108836530907095,0.965843788426667,21,0.9593601921761515,0.9624129286873635,0.00581692697008346,0.9443310429375557,0.965843788426667,5,0.9571110730255142,0.9535712975971317,0.00741419867706772,0.002203479049338264,-0.005974697561456016,4.564010129903817e-05,0.002249119150637302
BRCA2,Mus musculus,mm,21,0.9547829856072674,0.9574764461055599,0.012254317436069499,0.9104564919971341,0.9679082333665128,20,0.9569993102877741,0.9585182661301934,0.0070348230775699044,0.9423359716075951,0.9679082333665128,6,0.9555831521477818,0.9588921669508428,0.016056625148194673,0.0022163246805066983,-0.0052194943584995945,-0.0008001665405144021,0.0014161581399922962
BRCA2,Pan troglodytes,pt,22,0.9566371704648294,0.9606055134349927,0.011874167797385923,0.9108836530907095,0.9657587489090226,21,0.9588159093874066,0.9608423086252524,0.006196142982688124,0.9442529286020465,0.9657587489090226,5,0.955317189243934,0.9531341153547298,0.007195412080034395,0.002178738922577139,-0.005678024814697798,0.0013199812208953832,0.0034987201434725224
