gene,region_type,n,sample_size_flag,spearman_rho,p_value,status
BARD1,exon,9,adequate,0.7142857142857144,0.030625347570439478,ok
BARD1,intron,30,adequate,0.6050289274588342,0.0003972199821485524,ok
BRCA1,exon,8,adequate,0.07229440390678199,0.8649195587700265,ok
BRCA1,intron,65,adequate,0.5093046892249649,1.4731182868505622e-05,ok
BRCA2,exon,16,adequate,-0.22468889037181172,0.40280235857198043,ok
BRCA2,intron,65,adequate,0.529657313208134,5.709215213176054e-06,ok
PALB2,exon,9,adequate,-0.5847667616080596,0.0981567790571474,ok
PALB2,intron,35,adequate,0.5768530421257404,0.0002862928084067416,ok
